en,es,de,zh,ja,he,id
0.38814932543945313,0.34751801232910157,0.35914463012695313,0.5571179849853516,0.3547994455566406,0.36964237060546873,0.3121025069580078
