en,es,de,zh,ja,he,id
0.368343294921875,0.34672440393066406,0.33809177697753906,0.38272989904785154,0.4420010675048828,0.5368531948242188,0.325681728515625
