en,es,de,zh,ja,he,id
0.3155428572998047,0.3560958087158203,0.3507812713623047,0.4025722265625,0.42032572302246096,0.5482838671875,0.3225288533935547
