en,es,de,zh,ja,he,id
0.45438786499023437,0.463281662109375,0.40085003930664065,0.4073802548828125,0.41494407202148437,0.44530555810546874,0.45934355688476564
