en,es,de,zh,ja,he,id
0.32991485498046874,0.35606335986328125,0.34711809436035157,0.41368708435058593,0.3816998740234375,0.5943652138671875,0.28560983557128905
