en,es,de,zh,ja,he,id
0.3208681701660156,0.34549756311035157,0.33434282775878904,0.42132773583984373,0.41508282885742187,0.5849802954101563,0.3019795347900391
