en,es,de,zh,ja,he,id
0.38104914672851564,0.38582924755859377,0.38400235998535154,0.36493891101074216,0.4251652219238281,0.5304617268066406,0.3735198395996094
