en,es,de,zh,ja,he,id
0.385533490234375,0.38883460095214845,0.35451213439941404,0.478489919921875,0.5123759168701172,0.39123798706054685,0.34023909399414065
